{"I Malhotra":23,"LPC Silva":21,"B Chipli":20,"V Shankar":19,"P Prasanth":18,"RR Bhatkal":17.5,"CK Kapugedera":17.294117647058822,"S Sriram":16.333333333333332,"F du Plessis":16,"Sunny Gupta":15.666666666666666}